# name	stratum	manifest_index	assumptions
plx0_18-20	easy_low	762	-1,-2,-3,-4,-5,-6,-7,-8,-9,-10,-11,-12,-13,-14,-15,-16,-17,-18,19,-20,21,-22,-23,-24,-25,-26,-27,-28,-29,-30,-31,-32,-33,-34,-35,-36,-37,-38,-39,-40,-41,-42,-43,-44,-45,-46,-47,-48,-49
plx0_40-44	stubborn_low	1193	-1,-2,-3,-4,-5,-6,-7,-8,-9,-10,-11,-12,-13,-14,-15,-16,-17,-18,-19,-20,-21,-22,-23,-24,-25,-26,-27,-28,-29,-30,-31,-32,-33,-34,-35,-36,-37,-38,-39,-40,41,-42,-43,-44,45,-46,-47,-48,-49
plx0_13-26	easy_low	608	-1,-2,-3,-4,-5,-6,-7,-8,-9,-10,-11,-12,-13,14,-15,-16,-17,-18,-19,-20,-21,-22,-23,-24,-25,-26,27,-28,-29,-30,-31,-32,-33,-34,-35,-36,-37,-38,-39,-40,-41,-42,-43,-44,-45,-46,-47,-48,-49
plx0_11-21-47	easy_triple	11527	-1,-2,-3,-4,-5,-6,-7,-8,-9,-10,-11,12,-13,-14,-15,-16,-17,-18,-19,-20,-21,22,-23,-24,-25,-26,-27,-28,-29,-30,-31,-32,-33,-34,-35,-36,-37,-38,-39,-40,-41,-42,-43,-44,-45,-46,-47,48,-49
plx0_08-23-46	easy_triple	9467	-1,-2,-3,-4,-5,-6,-7,-8,9,-10,-11,-12,-13,-14,-15,-16,-17,-18,-19,-20,-21,-22,-23,24,-25,-26,-27,-28,-29,-30,-31,-32,-33,-34,-35,-36,-37,-38,-39,-40,-41,-42,-43,-44,-45,-46,47,-48,-49
plx0_24-41	easy_low	942	-1,-2,-3,-4,-5,-6,-7,-8,-9,-10,-11,-12,-13,-14,-15,-16,-17,-18,-19,-20,-21,-22,-23,-24,25,-26,-27,-28,-29,-30,-31,-32,-33,-34,-35,-36,-37,-38,-39,-40,-41,42,-43,-44,-45,-46,-47,-48,-49
plx0_37-39	stubborn_low	1161	-1,-2,-3,-4,-5,-6,-7,-8,-9,-10,-11,-12,-13,-14,-15,-16,-17,-18,-19,-20,-21,-22,-23,-24,-25,-26,-27,-28,-29,-30,-31,-32,-33,-34,-35,-36,-37,38,-39,40,-41,-42,-43,-44,-45,-46,-47,-48,-49
plx0_02-18	easy_low	160	-1,-2,3,-4,-5,-6,-7,-8,-9,-10,-11,-12,-13,-14,-15,-16,-17,-18,19,-20,-21,-22,-23,-24,-25,-26,-27,-28,-29,-30,-31,-32,-33,-34,-35,-36,-37,-38,-39,-40,-41,-42,-43,-44,-45,-46,-47,-48,-49
plx0_24	stubborn_low	25	-1,-2,-3,-4,-5,-6,-7,-8,-9,-10,-11,-12,-13,-14,-15,-16,-17,-18,-19,-20,-21,-22,-23,-24,25,-26,-27,-28,-29,-30,-31,-32,-33,-34,-35,-36,-37,-38,-39,-40,-41,-42,-43,-44,-45,-46,-47,-48,-49
plx0_13-15-42	stubborn_triple	12570	-1,-2,-3,-4,-5,-6,-7,-8,-9,-10,-11,-12,-13,14,-15,16,-17,-18,-19,-20,-21,-22,-23,-24,-25,-26,-27,-28,-29,-30,-31,-32,-33,-34,-35,-36,-37,-38,-39,-40,-41,-42,43,-44,-45,-46,-47,-48,-49
plx0_13-33-35	stubborn_triple	12986	-1,-2,-3,-4,-5,-6,-7,-8,-9,-10,-11,-12,-13,14,-15,-16,-17,-18,-19,-20,-21,-22,-23,-24,-25,-26,-27,-28,-29,-30,-31,-32,-33,34,-35,36,-37,-38,-39,-40,-41,-42,-43,-44,-45,-46,-47,-48,-49
plx0_03-33-41	easy_triple	5347	-1,-2,-3,4,-5,-6,-7,-8,-9,-10,-11,-12,-13,-14,-15,-16,-17,-18,-19,-20,-21,-22,-23,-24,-25,-26,-27,-28,-29,-30,-31,-32,-33,34,-35,-36,-37,-38,-39,-40,-41,42,-43,-44,-45,-46,-47,-48,-49
plx0_44-45	easy_low	1216	-1,-2,-3,-4,-5,-6,-7,-8,-9,-10,-11,-12,-13,-14,-15,-16,-17,-18,-19,-20,-21,-22,-23,-24,-25,-26,-27,-28,-29,-30,-31,-32,-33,-34,-35,-36,-37,-38,-39,-40,-41,-42,-43,-44,45,46,-47,-48,-49
plx0_09-23	easy_low	459	-1,-2,-3,-4,-5,-6,-7,-8,-9,10,-11,-12,-13,-14,-15,-16,-17,-18,-19,-20,-21,-22,-23,24,-25,-26,-27,-28,-29,-30,-31,-32,-33,-34,-35,-36,-37,-38,-39,-40,-41,-42,-43,-44,-45,-46,-47,-48,-49
plx0_00-01-02	easy_triple	1226	1,2,3,-4,-5,-6,-7,-8,-9,-10,-11,-12,-13,-14,-15,-16,-17,-18,-19,-20,-21,-22,-23,-24,-25,-26,-27,-28,-29,-30,-31,-32,-33,-34,-35,-36,-37,-38,-39,-40,-41,-42,-43,-44,-45,-46,-47,-48,-49
plx0_01-31-36	easy_triple	3286	-1,2,-3,-4,-5,-6,-7,-8,-9,-10,-11,-12,-13,-14,-15,-16,-17,-18,-19,-20,-21,-22,-23,-24,-25,-26,-27,-28,-29,-30,-31,32,-33,-34,-35,-36,37,-38,-39,-40,-41,-42,-43,-44,-45,-46,-47,-48,-49
plx0_18-31-36	stubborn_triple	15441	-1,-2,-3,-4,-5,-6,-7,-8,-9,-10,-11,-12,-13,-14,-15,-16,-17,-18,19,-20,-21,-22,-23,-24,-25,-26,-27,-28,-29,-30,-31,32,-33,-34,-35,-36,37,-38,-39,-40,-41,-42,-43,-44,-45,-46,-47,-48,-49
plx0_32-44	stubborn_low	1101	-1,-2,-3,-4,-5,-6,-7,-8,-9,-10,-11,-12,-13,-14,-15,-16,-17,-18,-19,-20,-21,-22,-23,-24,-25,-26,-27,-28,-29,-30,-31,-32,33,-34,-35,-36,-37,-38,-39,-40,-41,-42,-43,-44,45,-46,-47,-48,-49
plx0_44-45-46	easy_triple	19640	-1,-2,-3,-4,-5,-6,-7,-8,-9,-10,-11,-12,-13,-14,-15,-16,-17,-18,-19,-20,-21,-22,-23,-24,-25,-26,-27,-28,-29,-30,-31,-32,-33,-34,-35,-36,-37,-38,-39,-40,-41,-42,-43,-44,45,46,47,-48,-49
plx0_15-16-28	easy_triple	13677	-1,-2,-3,-4,-5,-6,-7,-8,-9,-10,-11,-12,-13,-14,-15,16,17,-18,-19,-20,-21,-22,-23,-24,-25,-26,-27,-28,29,-30,-31,-32,-33,-34,-35,-36,-37,-38,-39,-40,-41,-42,-43,-44,-45,-46,-47,-48,-49
plx0_19-22-30	stubborn_triple	15652	-1,-2,-3,-4,-5,-6,-7,-8,-9,-10,-11,-12,-13,-14,-15,-16,-17,-18,-19,20,-21,-22,23,-24,-25,-26,-27,-28,-29,-30,31,-32,-33,-34,-35,-36,-37,-38,-39,-40,-41,-42,-43,-44,-45,-46,-47,-48,-49
plx0_17-34-35	stubborn_triple	15050	-1,-2,-3,-4,-5,-6,-7,-8,-9,-10,-11,-12,-13,-14,-15,-16,-17,18,-19,-20,-21,-22,-23,-24,-25,-26,-27,-28,-29,-30,-31,-32,-33,-34,35,36,-37,-38,-39,-40,-41,-42,-43,-44,-45,-46,-47,-48,-49
plx0_18-28-31	stubborn_triple	15382	-1,-2,-3,-4,-5,-6,-7,-8,-9,-10,-11,-12,-13,-14,-15,-16,-17,-18,19,-20,-21,-22,-23,-24,-25,-26,-27,-28,29,-30,-31,32,-33,-34,-35,-36,-37,-38,-39,-40,-41,-42,-43,-44,-45,-46,-47,-48,-49
plx0_20-23-33	stubborn_triple	16058	-1,-2,-3,-4,-5,-6,-7,-8,-9,-10,-11,-12,-13,-14,-15,-16,-17,-18,-19,-20,21,-22,-23,24,-25,-26,-27,-28,-29,-30,-31,-32,-33,34,-35,-36,-37,-38,-39,-40,-41,-42,-43,-44,-45,-46,-47,-48,-49
plx0_05-35	easy_low	309	-1,-2,-3,-4,-5,6,-7,-8,-9,-10,-11,-12,-13,-14,-15,-16,-17,-18,-19,-20,-21,-22,-23,-24,-25,-26,-27,-28,-29,-30,-31,-32,-33,-34,-35,36,-37,-38,-39,-40,-41,-42,-43,-44,-45,-46,-47,-48,-49
plx0_25-42	stubborn_low	966	-1,-2,-3,-4,-5,-6,-7,-8,-9,-10,-11,-12,-13,-14,-15,-16,-17,-18,-19,-20,-21,-22,-23,-24,-25,26,-27,-28,-29,-30,-31,-32,-33,-34,-35,-36,-37,-38,-39,-40,-41,-42,43,-44,-45,-46,-47,-48,-49
plx0_пусто	easy_low	0	-1,-2,-3,-4,-5,-6,-7,-8,-9,-10,-11,-12,-13,-14,-15,-16,-17,-18,-19,-20,-21,-22,-23,-24,-25,-26,-27,-28,-29,-30,-31,-32,-33,-34,-35,-36,-37,-38,-39,-40,-41,-42,-43,-44,-45,-46,-47,-48,-49
plx0_13-40-43	stubborn_triple	13071	-1,-2,-3,-4,-5,-6,-7,-8,-9,-10,-11,-12,-13,14,-15,-16,-17,-18,-19,-20,-21,-22,-23,-24,-25,-26,-27,-28,-29,-30,-31,-32,-33,-34,-35,-36,-37,-38,-39,-40,41,-42,-43,44,-45,-46,-47,-48,-49
plx0_06-09-27	easy_triple	7407	-1,-2,-3,-4,-5,-6,7,-8,-9,10,-11,-12,-13,-14,-15,-16,-17,-18,-19,-20,-21,-22,-23,-24,-25,-26,-27,28,-29,-30,-31,-32,-33,-34,-35,-36,-37,-38,-39,-40,-41,-42,-43,-44,-45,-46,-47,-48,-49
plx0_47-48	stubborn_low	1225	-1,-2,-3,-4,-5,-6,-7,-8,-9,-10,-11,-12,-13,-14,-15,-16,-17,-18,-19,-20,-21,-22,-23,-24,-25,-26,-27,-28,-29,-30,-31,-32,-33,-34,-35,-36,-37,-38,-39,-40,-41,-42,-43,-44,-45,-46,-47,48,49
plx0_27-45	stubborn_low	1012	-1,-2,-3,-4,-5,-6,-7,-8,-9,-10,-11,-12,-13,-14,-15,-16,-17,-18,-19,-20,-21,-22,-23,-24,-25,-26,-27,28,-29,-30,-31,-32,-33,-34,-35,-36,-37,-38,-39,-40,-41,-42,-43,-44,-45,46,-47,-48,-49
plx0_20-42	stubborn_low	841	-1,-2,-3,-4,-5,-6,-7,-8,-9,-10,-11,-12,-13,-14,-15,-16,-17,-18,-19,-20,21,-22,-23,-24,-25,-26,-27,-28,-29,-30,-31,-32,-33,-34,-35,-36,-37,-38,-39,-40,-41,-42,43,-44,-45,-46,-47,-48,-49
